label,derived.ipc,system.cpu.numCycles,derived.cpi,sim_insts
baseline_tournament_w1,0.65,52000000,1.5384615384615383,33779462
bp_LocalBP_w2,0.9,50500000,1.1111111111111112,45463697
bp_TournamentBP_w2,0.96,50200000,1.0416666666666667,48199728
bp_LTAGE_w2,0.99,50300000,1.0101010101010102,49793943
bp_TAGE_SC_L_w2,1.02,50100000,0.9803921568627451,51098650
superscalar_w2,0.96,49900000,1.0416666666666667,47921929
superscalar_w4,1.12,49700000,0.8928571428571428,55643297
smt2_tournament_w2,0.92,50600000,1.0869565217391304,46561868
